도로명전체주소,사업장명,위도,경도
"경기도 의정부시 평화로 381, 107,108호 (호원동)",셀메드자연약국,37.72596851,127.0478977
"경기도 의정부시 서광로 197, 제이프라자 1층 104호 (고산동)",도영약국,,
"경기도 의정부시 용민로 391, 예스프라자 시그니처 105호 (낙양동)",종로약국,37.75545325,127.1118598
"경기도 의정부시 시민로 81, 서부타워빌딩 102호 (의정부동)",정다운약국,37.7386785,127.0442137
"경기도 의정부시 가능로 97, 1층 (가능동)",평안약국,37.74697442,127.042048
"경기도 의정부시 동일로 709, 1,2,3층 (금오동)",빨간문약국,37.75026289,127.0510971
"경기도 의정부시 청사로5번길 26, 경남빌딩 113,114호 (신곡동)",드림피아약국,37.74881076,127.0696507
"경기도 의정부시 월유로 13, 지석프라자 109호 (산곡동)",필약국,37.72923476,127.1104675
"경기도 의정부시 오목로 33, 1층 113호 (용현동)",탑메디칼약국,37.73354396,127.0863861
"경기도 의정부시 동일로 713, 1층 120호 (금오동)",을지문덕약국,37.75054709,127.0497515
"경기도 의정부시 비우로 60, 인창빌딩 1층 104호 (녹양동)",삼성약국,37.75792001,127.0333078
"경기도 의정부시 동일로 713, 127호 (금오동)",가장빠른약국,37.75054709,127.0497515
"경기도 의정부시 동일로 713, 118,119호 (금오동)",대학약국,37.75054709,127.0497515
"경기도 의정부시 동일로 713, 1층 117호 (금오동)",을지1번약국,37.75054709,127.0497515
"경기도 의정부시 평화로 561, 1층 (의정부동)",혜담약국,37.74222394,127.0466926
"경기도 의정부시 동일로 725, 105,106호 (금오동)",가까운정문약국,37.75113191,127.049595
"경기도 의정부시 태평로 108, 1층 (의정부동)",연세약국,37.74222181,127.0517881
"경기도 의정부시 시민로 83, 광장타워 1층 110호 (의정부동)",의정부약국,37.73877199,127.0445209
"경기도 의정부시 천보로 257, ACT빌딩 1층 (금오동)",성모이화약국,,
"경기도 의정부시 태평로 71, 1층 (의정부동)",제중약국,37.73885794,127.0513987
"경기도 의정부시 동일로711번길 15, 1층 (금오동)",주차편한자연약국,37.74981112,127.0509595
"경기도 의정부시 동일로711번길 21, 1층 (금오동)",을지우림약국,37.74965466,127.0508545
"경기도 의정부시 동일로 732, 금오동 근린생활시설 1층 102호 (금오동)",100평 광장약국,,
"경기도 의정부시 금신로 308, B1층 B102호 (신곡동)",신곡코코약국,,
"경기도 의정부시 용민로 407, 한덕프라자 (낙양동)",샛별온누리약국,37.75562341,127.1135956
"경기도 의정부시 동일로 732, 금오동 근린생활시설 1층 (금오동)",의정부 을지약국,,
"경기도 의정부시 용민로 60, 1층 106호 (용현동)",은하수약국,37.73659943,127.0852273
"경기도 의정부시 오목로 11, 1층 (용현동)",솔약국,37.73222806,127.0845348
"경기도 의정부시 서광로 135, 104,105호 (산곡동)",고산메디칼센터약국,37.73323235,127.1126702
"경기도 의정부시 경의로 107, 1층 105호 (의정부동)",오케이약국,37.73339139,127.0475466
"경기도 의정부시 행복로 31, 1층 (의정부동)",성모온누리약국,37.74143802,127.04957
"경기도 의정부시 태평로73번길 55, 1층 (의정부동)",노아약국,37.73887128,127.0484073
"경기도 의정부시 신흥로 84, 1층 103호 (호원동)",호원플러스약국,37.72360702,127.0443275
"경기도 의정부시 행복로 32, 1층 (의정부동)",센터약국,37.7414201,127.0499694
"경기도 의정부시 발곡로 30, 1층 2-2호 (신곡동)",약사랑약국,37.73099001,127.0582367
"경기도 의정부시 시민로 지하 100, 의정부지하상가 동부아열114호 (의정부동)",상원약국,37.73924561,127.0475838
"경기도 의정부시 가능로 131, 1층 (의정부동)",사거리약국,37.74715038,127.0459114
"경기도 의정부시 시민로 117, 1층 (의정부동)",드림약국,37.73871749,127.0483904
"경기도 의정부시 시민로 80, 센트럴타워 102호 (의정부동)",진온누리약국,37.73797687,127.0440933
"경기도 의정부시 호동로 67, 화성프라자 2층 207호 (호원동)",2층우리약국,37.72793107,127.0433026
"경기도 의정부시 평화로 660, 1층 (가능동)",한마음약국,37.75088469,127.0448
"경기도 의정부시 금오로 121-9, 1층 (금오동)",성모대학온누리약국,37.75779615,127.0783406
경기도 의정부시 용민로 1 (용현동),용현비타민약국,37.73425053,127.0793901
"경기도 의정부시 금신로 368, 1층 105호 (금오동)",유명약국,37.7479817,127.0585336
"경기도 의정부시 용현로 120, 송산주공아파트 상가동 102호 (민락동)",새잎한약국,37.74126075,127.0891552
"경기도 의정부시 오목로 215, 1층 102호 (민락동)",송림약국,37.74550461,127.0990557
"경기도 의정부시 평화로 540, 1층 103호 (의정부동)",공원메디칼약국,37.74007604,127.0477801
"경기도 의정부시 평화로 624, 1층 (의정부동)",참약국,37.74758933,127.0456838
"경기도 의정부시 장곡로 224, 롯데마트장암점 2층 (장암동)",소나무약국,37.72370423,127.0530594
"경기도 의정부시 호국로 1329, 원승빌딩 1층 2호 (의정부동)",스타약국,37.74419937,127.0517413
"경기도 의정부시 오목로 207, 103호 (민락동)",송산온누리약국,37.74491604,127.0985868
"경기도 의정부시 범골로 128, 1층 (의정부동)",금화약국,37.73553403,127.0396452
"경기도 의정부시 오목로225번길 177, 폴리프라자 108호 (민락동)",레몬약국,37.74456493,127.0971744
"경기도 의정부시 체육로 306-24, 성해프라자 1층 105호 (녹양동)",아빠약국,37.76012374,127.0413649
"경기도 의정부시 평화로 229-1, 1층 (호원동)",행복한약국,37.71241338,127.0472248
"경기도 의정부시 민락로 388, 1층 102호 (낙양동)",국민약국,37.75582182,127.1135718
"경기도 의정부시 송양로 29, 105호 (낙양동)",예람약국,37.75230367,127.1092519
"경기도 의정부시 청사로 50, 1층 108호 (금오동)",정약국,37.75282336,127.0701646
"경기도 의정부시 효자로 10, 1층 105호 (민락동)",푸른약국,37.74346903,127.0861223
"경기도 의정부시 태평로 78, 1층 (의정부동)",밝은약국,37.7395976,127.0518835
경기도 의정부시 행복로 40 (의정부동),메디칼약국,37.74197518,127.050409
"경기도 의정부시 호국로 1319, 남평프라자 1층 105호 (의정부동)",진심약국,37.74394383,127.0507646
"경기도 의정부시 태평로 87, 1층 (의정부동)",참조은약국,37.74021012,127.0513778
"경기도 의정부시 동일로 456, 박사빌딩 1층 109호 (신곡동)",영진약국,37.72899451,127.0597508
"경기도 의정부시 천보로 44, 8층 804호 (민락동)",365드림약국,37.74431435,127.0963209
"경기도 의정부시 청사로 38, 2층 (금오동)",플러스약국,37.75216372,127.0710013
"경기도 의정부시 평화로 647, 107,108호 (의정부동, 미건메디컬프라자)",미건메디컬약국,37.74972053,127.0446219
"경기도 의정부시 천보로 56, 109호 (민락동)",이정약국,37.7448484,127.0952721
"경기도 의정부시 의정로 191, 1층 (가능동)",늘푸른약국,37.74992286,127.0341729
"경기도 의정부시 비우로 110, 1층 (녹양동)",희망온누리약국,37.75826155,127.0391942
"경기도 의정부시 회룡로 188, 109호 (장암동, 장암골드프라자)",봄약국,37.72636771,127.0545877
"경기도 의정부시 용민로 493, 102호 (민락동)",광장온누리약국,37.74998644,127.1185994
"경기도 의정부시 청사로 45, 108호 (금오동, 플래티넘프라자)",현대약국,37.75227401,127.0696147
"경기도 의정부시 태평로 110, 1층 (의정부동)",헬스팜약국,37.74235899,127.0518616
"경기도 의정부시 충의로 55, 1층 (용현동)",하늘약국,37.73676223,127.087199
"경기도 의정부시 천보로 277, 1동 (금오동)",성모큰사랑약국,37.75879521,127.0786348
"경기도 의정부시 체육로 298-13, 106호 (녹양동, 현대프라자)",햇살온누리약국,37.7604811,127.041004
"경기도 의정부시 태평로 66, 1층 (의정부동)",제일팜약국,37.73841843,127.052065
"경기도 의정부시 상금로 33, 107호 (금오동, 이롬프라자)",햇살온누리약국,37.75778254,127.0744503
경기도 의정부시 시민로131번길 64 (의정부동),대영약국,37.74099823,127.0498343
경기도 의정부시 오목로205번길 1 (민락동),민락 길 약국,37.744614,127.0980857
경기도 의정부시 금신로 318 (신곡동),우리약국,37.74496689,127.0625429
"경기도 의정부시 용민로 401, 1층 106호 (낙양동, 예스프라자)",천사약국,37.75556993,127.1128952
"경기도 의정부시 시민로 31 (의정부동, 네오타워빌딩)",푸른샘약국,37.73855331,127.0387123
"경기도 의정부시 평화로 228, 108호 (호원동, 로뎀프라자)",이화사랑약국,37.71220359,127.047778
"경기도 의정부시 체육로 306-28, 106호 (녹양동, 굿모닝프라자)",녹양약국,37.75989796,127.0413487
경기도 의정부시 신촌로 65 (가능동),에이스약국,37.75055893,127.0417613
"경기도 의정부시 용민로 483, 107,108호 (민락동, 보광프라자)",민락메디칼약국,37.75075621,127.1180815
"경기도 의정부시 신흥로 219, 1층 (의정부동, 양준빌딩)",신 성모약국,37.73574463,127.0431034
"경기도 의정부시 신흥로 251, 1층 (의정부동, 구성타워빌딩)",성모약국,37.73861457,127.042883
경기도 의정부시 비우로 90-1 (녹양동),누가온누리약국,37.7581596,127.036834
경기도 의정부시 천보로 38 (민락동),시티약국,37.74403614,127.0968597
"경기도 의정부시 평화로 635 (의정부동, 미림프라자)",국민약국,37.74865738,127.0448591
"경기도 의정부시 용현로105번길 45-30, 104호 (민락동)",공원약국,37.74243798,127.0863412
"경기도 의정부시 신흥로 81, 105호 (호원동, 쌍용스윗닷홈)",세계로약국,37.72345494,127.043348
"경기도 의정부시 가능로159번길 73, 106동 101호 (의정부동, 한진그랑빌)",수온누리약국,37.74917662,127.0455446
"경기도 의정부시 행복로 27, 1층 (의정부동)",엔젤팜약국,37.74117754,127.0493867
경기도 의정부시 오목로225번길 162 (민락동),민락온누리약국,37.74458622,127.0958168
"경기도 의정부시 부용로213번길 14 (용현동, 성지빌딩)",백세온누리약국,37.75003609,127.0806456
경기도 의정부시 시민로 130 (의정부동),선약국,37.7380347,127.049354
"경기도 의정부시 진등로 1, 1층 103호 (녹양동)",은혜약국,37.75826807,127.032271
"경기도 의정부시 시민로 120, 1층 (의정부동, 은덕빌딩 다동)",유한약국,37.73834285,127.0484366
"경기도 의정부시 장곡로 554, 103호 (신곡동, 광장빌딩)",조은약국,37.74871419,127.0644055
"경기도 의정부시 평화로 228, 103호 (호원동, 로뎀프라자)",하나프라자약국,37.71220359,127.047778
경기도 의정부시 태평로 21 (의정부동),이화온누리약국,37.73499743,127.0493733
경기도 의정부시 녹양로 77 (녹양동),아이사랑약국,37.75776485,127.0339747
경기도 의정부시 녹양로 77 (녹양동),아이사랑약국,37.75776485,127.0339747
"경기도 의정부시 신흥로 141-1, 1층 (호원동)",우리들약국,37.72880537,127.0433184
경기도 의정부시 흥선로 136 (의정부동),제일약국,37.74159612,127.0419477
"경기도 의정부시 충의로 62, 202호 (용현동, 경은빌딩)",행복한2층약국,37.73749228,127.0874518
"경기도 의정부시 회룡로 178, 109호 (장암동, 발곡프라자)",라임약국,37.72638805,127.0534565
"경기도 의정부시 회룡로 138, 105호,106호 (호원동, 대명빌딩)",코리아약국,37.72578687,127.0492261
"경기도 의정부시 흥선로138번길 20, 101호 (의정부동)",소망주차장약국,37.74076886,127.0419308
"경기도 의정부시 외미로 100, 106호 (호원동, 회룡타운)",회룡초록약국,37.72404779,127.0466097
"경기도 의정부시 평화로 323, 102호 (호원동)",조은약국,37.72087115,127.0472873
"경기도 의정부시 평화로 152, 1층 (호원동)",김약국,37.70539055,127.0483474
"경기도 의정부시 민락로 210, 3층 (민락동, 이마트)",중앙약국,37.74318431,127.1023642
"경기도 의정부시 태평로 83, 1층 (의정부동)",대일약국,37.73993784,127.0514054
"경기도 의정부시 태평로 83, 1층 (의정부동)",대일약국,37.73993784,127.0514054
"경기도 의정부시 태평로 95, 1층 (의정부동)",시장보건약국,37.74106172,127.0513837
"경기도 의정부시 시민로 80, 센트럴타워 1층 106호 (의정부동)",센트럴약국,37.73797687,127.0440933
"경기도 의정부시 용현로159번길 6, 104호 (민락동)",진미약국,37.74087413,127.0939312
"경기도 의정부시 금오로 121-7, 1층 (금오동)",성모태평양약국,37.75763073,127.0784679
"경기도 의정부시 청사로 37, 109호 (금오동)",신세계약국,37.75152055,127.0698812
"경기도 의정부시 금신로 323, 109호 (신곡동, 대명프라자빌딩)",건강백세약국,37.74477868,127.0616786
"경기도 의정부시 청사로 41, 1층 (금오동)",금오보령약국,37.75195284,127.0697264
"경기도 의정부시 태평로 6, 1층 (의정부동)",하나약국,37.73360122,127.048677
"경기도 의정부시 시민로 83, 107호 (의정부동)",철인약국,37.73877199,127.0445209
"경기도 의정부시 흥선로 80, 1층 (가능동)",친절한약국,37.74270738,127.0356432
경기도 의정부시 금오로 121-8 (금오동),성바오로약국,37.75784666,127.0787877
"경기도 의정부시 회룡로 221, 104호 (신곡동, 장암주공5단지상가)",덕영약국,37.72686763,127.058209
경기도 의정부시 호국로1519번길 20-32 (금오동),금오정문약국,37.75415691,127.0713252
"경기도 의정부시 평화로 613, 용호빌딩 1층 (의정부동)",굿모닝약국,37.74667178,127.0454696
"경기도 의정부시 청사로47번길 12, 403호 (금오동, 성산타워)",원광한약국,37.7526164,127.0691106
경기도 의정부시 평화로 618 (의정부동),이레약국,37.74731034,127.0458123
"경기도 의정부시 평화로 375, 108호 (호원동, 회룡프라자)",회룡프라자약국,37.7254307,127.0479349
경기도 의정부시 가능로 50 (가능동),행복온누리약국,37.74657609,127.0366949
경기도 의정부시 범골로 39 (호원동),기분좋은약국,37.72837628,127.0390796
"경기도 의정부시 금신로 316, 1층 (신곡동)",소망온누리약국,37.74491543,127.0627491
"경기도 의정부시 회룡로 241, 103,104호 (신곡동, 풍림한국아파트상가)",양지그랜드약국,37.72682299,127.060631
"경기도 의정부시 호동로 67, 106호 (호원동, 화성프라자)",바로약국,37.72793107,127.0433026
"경기도 의정부시 동일로 589, 동신아파트 (상가동) 107호 (신곡동)",은행약국,37.74072985,127.0564016
"경기도 의정부시 평화로 196, 216호 (호원동, 신일에리시움)",윤약국,37.70945854,127.0483573
"경기도 의정부시 평화로 232, 1층 (호원동, 대광메디칼프라자)",호원프라자약국,37.71258619,127.0476694
"경기도 의정부시 추동로 9, 310호 (신곡동, 휴먼시티)",건강한약국,37.74298754,127.0570679
경기도 의정부시 금오로 121 (금오동),성모제일약국,37.75744648,127.0784793
경기도 의정부시 금오로 121 (금오동),성모제일약국,37.75744648,127.0784793
"경기도 의정부시 충의로 53, 1층 (용현동)",웰유약국,37.73648695,127.0872494
경기도 의정부시 용현로 161 (민락동),천세약국,37.74065762,127.0939356
경기도 의정부시 비우로 69 (녹양동),인정약국,37.75832119,127.0346282
경기도 의정부시 둔야로 36 (가능동),평화온누리약국,37.73912565,127.0399093
"경기도 의정부시 회룡로192번길 25, 105호 (장암동, 대현빌딩)",동아약국,37.72547957,127.0558547
"경기도 의정부시 호동로 52, 101호 (호원동, 가든아파트상가)",건우약국,37.72898214,127.042075
"경기도 의정부시 시민로 48, 1층 (의정부동, 아이월드빌딩)",민약국,37.73791865,127.0403792
경기도 의정부시 가능로119번길 20 (가능동),북부약국,37.74783324,127.044218
경기도 의정부시 시민로131번길 7 (의정부동),서울약국,37.73843429,127.0497522
"경기도 의정부시 회룡로 137, 103호 (호원동, 거원프라자)",성신약국,37.72626585,127.0491728
경기도 의정부시 용민로7번길 5 (용현동),녹십자약국,37.73453377,127.0795657
"경기도 의정부시 호국로 1369, A동 106,107호 (금오동)",방명규약국,37.74609283,127.0547513
경기도 의정부시 평화로 562 (의정부동),국제약국,37.74206689,127.0471644
경기도 의정부시 오목로18번길 4 (용현동),메디팜 한진약국,37.7322769,127.0853949
경기도 의정부시 금오로 112 (금오동),강성약국,37.75674992,127.077551
경기도 의정부시 비우로 77 (녹양동),명선약국,37.75836133,127.0353631
"경기도 의정부시 신촌로29번길 23, 진미마트 1층 (가능동)",세일약국,37.75141953,127.037503
경기도 의정부시 의정로 155 (가능동),시민약국,37.74681799,127.0343488
경기도 의정부시 평화로 542 (의정부동),진성약국,37.74026154,127.0475922
"경기도 의정부시 산단로76번길 115, 105호 (용현동, 플러스빌딩)",시장약국,37.74352743,127.0844762
경기도 의정부시 시민로121번길 67 (의정부동),광일약국,37.74123937,127.050182
"경기도 의정부시 평화로 183, 1층 (호원동)",성민온누리약국,37.70824233,127.0478717
"경기도 의정부시 천보로 265, 가동 (금오동)",성모제중약국,37.75762106,127.0790549
경기도 의정부시 태평로 64 (의정부동),수퍼약국,37.7381044,127.051942
"경기도 의정부시 충의로 52, 1층 (용현동)",대광약국,37.73663743,127.0878229
"경기도 의정부시 평화로 634, 1층 (의정부동)",아리랑약국,37.74843876,127.0454652
"경기도 의정부시 평화로 634, 1층 (의정부동)",아리랑약국,37.74843876,127.0454652
경기도 의정부시 태평로90번길 3 (의정부동),태평양약국,37.74064099,127.0519401
경기도 의정부시 호국로1309번길 21 (의정부동),신진약국,37.74473508,127.0494388
경기도 의정부시 흥선로 77 (가능동),삼화약국,37.74297473,127.035546
"경기도 의정부시 동일로 725, 104호 (금오동)",가장밝은미소약국,37.75113191,127.049595
"경기도 의정부시 호국로1310번길 46, 1층 (의정부동)",송약국,37.74152616,127.0495112
경기도 의정부시 신촌로 7 (가능동),다나약국,37.75045455,127.0352965
"경기도 의정부시 금오로 121-6, 1층 (금오동)",성모드림약국,37.75760795,127.0787201
"경기도 의정부시 호동로 67, 화성프라자 302-1호 (호원동)",십자성약국,37.72793107,127.0433026
"경기도 의정부시 용민로 407, 한덕프라자 1층 (낙양동)",샛별온누리약국,37.75562341,127.1135956
"경기도 의정부시 오목로 217, 102호 (민락동)",내일약국,37.74569058,127.0992501
"경기도 의정부시 청사로5번길 26, 경남빌딩 1층 (신곡동)",드림피아약국,37.74881076,127.0696507
"경기도 의정부시 용민로 198, 104-3호 (민락동)",다나약국,37.74616098,127.0939686
"경기도 의정부시 호동로 67, 화성프라자 2층 207호 (호원동)",2층우리약국,37.72793107,127.0433026
"경기도 의정부시 용민로 198, 1층 104-3호 (민락동)",종로 보룡약국,37.74616098,127.0939686
"경기도 의정부시 호국로1310번길 46, 1층 (의정부동)",송약국,37.74152616,127.0495112
"경기도 의정부시 태평로 174, 1층 (의정부동)",한우리약국,37.74770626,127.0493031
"경기도 의정부시 호동로 67, 화성프라자 2층 207호 (호원동)",호원우리약국,37.72793107,127.0433026
"경기도 의정부시 용민로 1, 1층 103호 (용현동)",용현비타민약국,37.73425053,127.0793901
"경기도 의정부시 금신로 368, 1층 105호 (금오동)",유명약국,37.7479817,127.0585336
"경기도 의정부시 평화로322번길 52, 상가제1층 106-1호 (호원동, 호원3차우성아파트)",송현약국,37.72366392,127.0494088
"경기도 의정부시 신곡로 46-9, 1층 (신곡동)",이현약국,37.73078738,127.0571381
"경기도 의정부시 의정로 44, 1층 (의정부동, 석천빌딩)",해맑은약국,37.73667018,127.0352977
"경기도 의정부시 평화로 624, 1층 (의정부동)",참약국,37.74758933,127.0456838
"경기도 의정부시 평화로 626, 1층 (의정부동)",수약국,37.74770475,127.0456578
"경기도 의정부시 용민로 407, 102호 (낙양동, 한덕프라자)",우리들온누리약국,37.75562341,127.1135956
경기도 의정부시 송양로 29 (낙양동),대동약국,37.75230367,127.1092519
경기도 의정부시 신흥로 362 (가능동),서진약국,37.74857039,127.0428193
경기도 의정부시 신촌로 7 (가능동),다나약국,37.75045455,127.0352965
경기도 의정부시 흥선로 137 (의정부동),용약국,37.7417065,127.0424438
경기도 의정부시 평화로 243 (호원동),미래약국,37.71358357,127.046981
"경기도 의정부시 체육로 298-13, 1층 106호 (녹양동, 현대프라자)",햇살온누리약국,37.7604811,127.041004
"경기도 의정부시 체육로 306-28, 106호 (녹양동, 굿모닝프라자)",녹양약국,37.75989796,127.0413487
"경기도 의정부시 의정로 102, 1층 (가능동)",밝은미소약국,37.74182201,127.0349986
"경기도 의정부시 체육로 298-13, 1층 106호 (녹양동, 현대프라자)",햇살온누리약국,37.7604811,127.041004
경기도 의정부시 행복로 40 (의정부동),메디칼약국,37.74197518,127.050409
경기도 의정부시 동일로 640 (금오동),터미널약국,37.74521216,127.0550777
"경기도 의정부시 오목로 229, 1층 (민락동)",메디칼수약국,37.74662647,127.0998267
"경기도 의정부시 체육로 306-24, 105호 (녹양동, 성해프라자)",대성약국,37.76012374,127.0413649
"경기도 의정부시 오목로 229, 1층 (민락동, 성진메디칼프라자)",메디칼수약국,37.74662647,127.0998267
"경기도 의정부시 호국로 1319, 1층 105호 (의정부동, 남평프라자)",성민약국,37.74394383,127.0507646
경기도 의정부시 신촌로 7 (가능동),다나약국,37.75045455,127.0352965
경기도 의정부시 태평로 222 (의정부동),가능약국,37.75044049,127.0450955
"경기도 의정부시 의정로 102, 1층 (가능동)",메디팜 힘찬약국,37.74182201,127.0349986
경기도 의정부시 흥선로 137 (의정부동),정문약국,37.7417065,127.0424438
"경기도 의정부시 금신로 318, 1층 (신곡동)",우리약국,37.74496689,127.0625429
"경기도 의정부시 행복로 27, 1층 (의정부동)",중앙로엔젤팜약국,37.74117754,127.0493867
경기도 의정부시 태평로 110 (의정부동),헬스팜약국,37.74235899,127.0518616
"경기도 의정부시 오목로 227, 103호 (민락동, 예스프라자센텀)",샛별약국,37.74637786,127.0997597
경기도 의정부시 체육로 278 (녹양동),허브팜녹양약국,37.760688,127.0390444
"경기도 의정부시 용민로 401, 106호 (낙양동, 예스프라자)",천사약국,37.75556993,127.1128952
경기도 의정부시 흥선로 137 (의정부동),큰길약국,37.7417065,127.0424438
"경기도 의정부시 청사로 38, 2층 (금오동)",플러스약국,37.75216372,127.0710013
경기도 의정부시 용현로105번길 7-16 (민락동),플러스약국,37.74177714,127.0870509
"경기도 의정부시 신곡로 46-9, 1층 4호 (신곡동)",종로약국,37.73078738,127.0571381
"경기도 의정부시 신흥로 81, 지하2층 5호 (호원동, 쌍용스윗닷홈)",세계로약국,37.72345494,127.043348
"경기도 의정부시 오목로 227, 103호 (민락동, 예스프라자센텀)",정연약국,37.74637786,127.0997597
"경기도 의정부시 회룡로 188, 109호 (장암동, 장암골드프라자)",봄약국,37.72636771,127.0545877
"경기도 의정부시 신흥로 81, 지하2층 (호원동, 쌍용스윗닷홈 상가동)",세계로약국,37.72345494,127.043348
"경기도 의정부시 호국로 1319, 105호 (의정부동)",한서약국,37.74394383,127.0507646
"경기도 의정부시 태평로 174, 1층 (의정부동)",한우리약국,37.74770626,127.0493031
"경기도 의정부시 태평로 174, 1층 (의정부동)",한우리약국,37.74770626,127.0493031
"경기도 의정부시 금오로 121-9, 1층 (금오동)",성모대학온누리약국,37.75779615,127.0783406
"경기도 의정부시 신흥로 282, 1층 (의정부동)",연수온누리약국,37.74123227,127.0432998
"경기도 의정부시 신곡로 46-9, 1층 4호 (신곡동)",종로약국,37.73078738,127.0571381
"경기도 의정부시 금신로 318, 1층 (신곡동)",우리약국,37.74496689,127.0625429
"경기도 의정부시 호국로1310번길 46, 1층 (의정부동)",송약국,37.74152616,127.0495112
"경기도 의정부시 추동로1번길 56, 1층 (신곡동)",사람사는경희한약국,37.74462932,127.0571785
"경기도 의정부시 신곡로 46-9, 1층 4호 (신곡동)",수약국,37.73078738,127.0571381
"경기도 의정부시 체육로 298-13, 106호 (녹양동, 현대프라자)",햇살온누리약국,37.7604811,127.041004
"경기도 의정부시 태평로 174, 1층 (의정부동)",한우리약국,37.74770626,127.0493031
"경기도 의정부시 의정로 191, 1층 (가능동)",늘푸른약국,37.74992286,127.0341729
"경기도 의정부시 용민로 1, 1층 (용현동)",용현비타민약국,37.73425053,127.0793901
"경기도 의정부시 태평로 72, 1층 (의정부동)",판도라시장약국,37.73894636,127.0519387
"경기도 의정부시 용민로 401, 106호 (낙양동, 예스프라자)",천사약국,37.75556993,127.1128952
"경기도 의정부시 체육로 306-28, 106호 (녹양동)",녹양약국,37.75989796,127.0413487
"경기도 의정부시 신촌로 7, 1층 (가능동)",다나약국,37.75045455,127.0352965
"경기도 의정부시 용민로 401, 106호 (낙양동, 예스프라자)",천사약국,37.75556993,127.1128952
"경기도 의정부시 체육로 306-24, 1층 (녹양동)",대성약국,37.76012374,127.0413649
"경기도 의정부시 금신로 368, 105호 (금오동, 거성빌딩)",유명약국,37.7479817,127.0585336
"경기도 의정부시 평화로 228, 108호 (호원동)",이화사랑약국,37.71220359,127.047778
"경기도 의정부시 오목로 215, 102호 (민락동, 송림프라자)",송림약국,37.74550461,127.0990557
"경기도 의정부시 평화로 660, 1층 (가능동)",한마음약국,37.75088469,127.0448
"경기도 의정부시 평화로 660, 1층 (가능동)",한마음약국,37.75088469,127.0448
"경기도 의정부시 태평로 72, 1층 (의정부동)",판도라 시장약국,37.73894636,127.0519387
"경기도 의정부시 장곡로 224 (장암동, 롯데마트 장암점)",소나무약국,37.72370423,127.0530594
"경기도 의정부시 의정로 44, 1층 (의정부동)",해맑은약국,37.73667018,127.0352977
"경기도 의정부시 충의로 62, 2층 (용현동)",행복한2층약국,37.73749228,127.0874518
"경기도 의정부시 호국로1310번길 7, 1층 (의정부동)",경희진한약국,37.74321981,127.0497074
"경기도 의정부시 금신로 318, 1층 (신곡동)",우리약국,37.74496689,127.0625429
"경기도 의정부시 금오로 9, 1층 (금오동)",새경희약국,37.75331654,127.0667786
"경기도 의정부시 신촌로 7, 1층 (가능동)",다나약국,37.75045455,127.0352965
"경기도 의정부시 충의로 62, 2층 (용현동)",행복한2층약국,37.73749228,127.0874518
"경기도 의정부시 평화로 635, 1층 (의정부동)",으뜸약국,37.74865738,127.0448591
"경기도 의정부시 청사로 38, 2층 (금오동, 홈플러스)",플러스약국,37.75216372,127.0710013
경기도 의정부시  청사로48번길  7 (금오동),정연약국,37.75291958,127.070482
"경기도 의정부시 평화로 381, 107,108호 (호원동)",준원프라자약국,37.72596851,127.0478977
"경기도 의정부시 체육로 306-24, 105호 (녹양동)",대성약국,37.76012374,127.0413649
경기도 의정부시 가능로 97 (가능동),평안약국,37.74697442,127.042048
"경기도 의정부시 신촌로 7, 1층 (가능동)",해뜨는약국,37.75045455,127.0352965
경기도 의정부시 신촌로 65 (가능동),진영엠약국,37.75055893,127.0417613
"경기도 의정부시 신흥로 141-1, 1층 (호원동)",우리들약국,37.72880537,127.0433184
경기도 의정부시 평화로 152 (호원동),김약국,37.70539055,127.0483474
"경기도 의정부시 동일로 640, 1층 (금오동)",터미널약국,37.74521216,127.0550777
"경기도 의정부시 동일로472번길 29, 1층 (신곡동)",조은약국,37.73109392,127.0603383
"경기도 의정부시 태평로 78, 1층 (의정부동)",밝은약국,37.7395976,127.0518835
경기도 의정부시 행복로 40 (의정부동),메디칼약국,37.74197518,127.050409
"경기도 의정부시 태평로 8, 1층 (의정부동)",정온누리약국,37.73385181,127.0488091
"경기도 의정부시 신흥로 146-1, 1층 (호원동)",우리들약국,37.72916021,127.0439354
"경기도 의정부시 평화로 525, 1층 (의정부동)",분스의정부역사약국,37.73799015,127.0458795
"경기도 의정부시 신흥로 146-1, 102호 (호원동)",우리들약국,37.72916021,127.0439354
경기도 의정부시 평화로 525 (의정부동),분스의정부역사약국,37.73799015,127.0458795
"경기도 의정부시 범골로 128, 1층 (의정부동)",금화약국,37.73553403,127.0396452
"경기도 의정부시 장곡로 224, 2층 (장암동, 롯데마트)",소나무약국,37.72370423,127.0530594
경기도 의정부시 태평로 66 (의정부동),제일팜약국,37.73841843,127.052065
"경기도 의정부시 시민로 237, 1층 (신곡동)",햇님약국,37.73602634,127.0610928
"경기도 의정부시 동일로 456, 109호 (신곡동)",영진약국,37.72899451,127.0597508
"경기도 의정부시 녹양로 77, 1,2층 (녹양동)",아이사랑약국,37.75776485,127.0339747
"경기도 의정부시 신촌로29번길 24, 1층 (가능동)",자연약국,37.75144713,127.0379722
"경기도 의정부시 청사로 38, 2층 (금오동)",플러스약국,37.75216372,127.0710013
"경기도 의정부시 평화로 359, 122,132호 (호원동)",솔약국,37.72400473,127.047943
"경기도 의정부시 시민로 117, 1층 (의정부동, 나이키빌딩)",드림약국,37.73871749,127.0483904
"경기도 의정부시 상금로 33, 107호 (금오동, 이롬프라자)",햇살온누리약국,37.75778254,127.0744503
"경기도 의정부시 호동로 70, 201호 (호원동)",호동약국,37.72763129,127.0428856
경기도 의정부시 태평로 174 (의정부동),한우리약국,37.74770626,127.0493031
경기도 의정부시 가능로 98 (의정부동),평안약국,37.74674953,127.041813
경기도 의정부시 평화로 229-1 (호원동),행복한약국,37.71241338,127.0472248
"경기도 의정부시 평화로 359, 109,110호 (호원동)",경성약국,37.72400473,127.047943
"경기도 의정부시 충의로 55, 1층 (용현동)",하늘약국,37.73676223,127.087199
"경기도 의정부시 평화로 228, 108호 (호원동)",이화사랑약국,37.71220359,127.047778
"경기도 의정부시 평화로 359, 122.132호 (호원동)",솔약국,37.72400473,127.047943
"경기도 의정부시 체육로 298-13, 106호 (녹양동)",햇살온누리약국,37.7604811,127.041004
"경기도 의정부시 충의로 52, 102호 (용현동, 수연빌딩)",정다운약국,37.73663743,127.0878229
경기도 의정부시 평화로 447 (의정부동),한서열린약국,37.73191145,127.0477864
"경기도 의정부시 체육로 306-24, 105호 (녹양동)",대성약국,37.76012374,127.0413649
경기도 의정부시 신흥로 264 (의정부동),경희나무한약국,37.73963851,127.0434171
"경기도 의정부시 평화로 228 (호원동,로뎀프라자108호)",원무약국,37.71220359,127.047778
"경기도 의정부시 금신로 390 (금오동,206호)",가까운 약국,37.74897936,127.0562704
"경기도 의정부시 추동로91번길 8 (신곡동,지상1층)",아이원약국,37.74781803,127.0641731
"경기도 의정부시 청사로 37, 109호 (금오동)",신세계약국,37.75152055,127.0698812
"경기도 의정부시 충의로 62, 202-2호 (용현동)",행복한 2층 약국,37.73749228,127.0874518
"경기도 의정부시 녹양로 87 (녹양동,지상1층)",샘터약국,37.75858705,127.0340454
"경기도 의정부시 평화로 243, 1층 (호원동, NK빌딩)",미래약국,37.71358357,127.046981
"경기도 의정부시 시민로 237, 1층 (신곡동)",정약국,37.73602634,127.0610928
"경기도 의정부시 흥선로 136, 1층 (의정부동)",제일약국,37.74159612,127.0419477
"경기도 의정부시 호국로 1319, 1층 (의정부동)",동성약국,37.74394383,127.0507646
"경기도 의정부시 청사로48번길 19 (금오동,세하메디칼스타빌딩 109호)",세하약국,37.75307761,127.0709371
경기도 의정부시 의정로 191 (가능동),늘푸른약국,37.74992286,127.0341729
"경기도 의정부시 산단로76번길 116, 3층 (용현동, 롯데마트)",무지개온누리약국,37.74279157,127.0842716
"경기도 의정부시 청사로48번길 19 (금오동,세하빌딩109호)",세하약국,37.75307761,127.0709371
"경기도 의정부시 금신로 368, 105호 (금오동)",유명약국,37.7479817,127.0585336
경기도 의정부시 가능로 98 (의정부동),평안약국,37.74674953,127.041813
"경기도 의정부시 평화로 447 (의정부동,지상1층)",한서열린약국,37.73191145,127.0477864
"경기도 의정부시 부용로213번길 14, 103호 (용현동, 성지빌딩)",백세약국,37.75003609,127.0806456
"경기도 의정부시 청사로 45, 108호 (금오동, 플래티넘1차프라자)",현대약국,37.75227401,127.0696147
경기도 의정부시 태평로 95 (의정부동),시장보룡약국,37.74106172,127.0513837
"경기도 의정부시 체육로 306-32 (녹양동,키움프라자 102)",필약국,37.75967983,127.0413679
경기도 의정부시 평화로 228 (호원동),원무약국,37.71220359,127.047778
경기도 의정부시 평화로 229-1 (호원동),행복한약국,37.71241338,127.0472248
경기도 의정부시 태평로 108 (의정부동),연세약국,37.74222181,127.0517881
경기도 의정부시 발곡로 10 (신곡동),하나약국,37.73095179,127.0558622
경기도 의정부시 호동로 64 (호원동),호동약국,37.7280733,127.0426454
경기도 의정부시 청사로48번길 7 (금오동),하늘소리약국,37.75291958,127.070482
경기도 의정부시 태평로 87 (의정부동),대일약국,37.74021012,127.0513778
경기도 의정부시 청사로 41 (금오동),금오보령약국,37.75195284,127.0697264
"경기도 의정부시 충의로 62 (용현동,경은빌딩 202-2)",행복한 2층 약국,37.73749228,127.0874518
"경기도 의정부시 시민로 80, 117호 (의정부동)",센트럴약국,37.73797687,127.0440933
"경기도 의정부시 신촌로 7 (가능동,지상1층)",해뜨는약국,37.75045455,127.0352965
경기도 의정부시 행복로 55 (의정부동),초당한약국,37.74330089,127.0509855
"경기도 의정부시 청사로48번길 19 (금오동,,4호  세하메디칼스타빌딩 109호)",세하약국,37.75307761,127.0709371
경기도 의정부시 흥선로 137 (의정부동),신정문약국,37.7417065,127.0424438
경기도 의정부시 비우로 90-1 (녹양동),누가온누리약국,37.7581596,127.036834
경기도 의정부시 호국로 1174 (가능동),빛고을약국,37.74297341,127.0342122
경기도 의정부시 호국로 1174 (가능동),빛고을약국,37.74297341,127.0342122
"경기도 의정부시 평화로 252, 101호 (호원동)",새미소약국,37.71427079,127.0477596
"경기도 의정부시 금신로 368 (금오동,거성빌딩 105호)",유명약국,37.7479817,127.0585336
"경기도 의정부시 신흥로 251, 101호 (의정부동, 구성타원)",성모약국,37.73861457,127.042883
"경기도 의정부시 신흥로 251, 101호 (의정부동, 구성타원)",성모약국,37.73861457,127.042883
경기도 의정부시 태평로 87 (의정부동),대일약국,37.74021012,127.0513778
"경기도 의정부시 체육로 298-13 (녹양동,현대프라자 1층 106호)",햇살온누리약국,37.7604811,127.041004
"경기도 의정부시 천보로 265 (금오동,나동)",성모열린약국,37.75762106,127.0790549
경기도 의정부시 시민로131번길 64 (의정부동),보룡약국,37.74099823,127.0498343
경기도 의정부시 시민로131번길 64 (의정부동),보룡약국,37.74099823,127.0498343
경기도 의정부시 시민로131번길 64 (의정부동),보룡약국,37.74099823,127.0498343
"경기도 의정부시 시민로 80, 117호 (의정부동, 센트럴파크)",센트럴약국,37.73797687,127.0440933
"경기도 의정부시 신흥로 81, 105호 (호원동)",건강온누리약국,37.72345494,127.043348
,새정문약국,,
,코끼리약국,,
,6층엔터약국,,
경기도 의정부시 범골로 128 (의정부동),금화약국,37.73553403,127.0396452
,정다운약국,,
,백두산약국,,
,성모사랑약국,,
"경기도 의정부시 평화로 635, 105호 (의정부동)",태양약국,37.74865738,127.0448591
"경기도 의정부시 상금로 33 (금오동,이롬프라자107호)",햇살온누리약국,37.75778254,127.0744503
"경기도 의정부시 의정로 44, 1층 (의정부동)",해맑은약국,37.73667018,127.0352977
,효자약국,,
,신세계약국,,
,신세계약국,,
,신세계약국,,
,온가족큰사랑약국,,
경기도 의정부시 행복로 40 (의정부동),메디칼약국,37.74197518,127.050409
,백수약국,37.75399284,127.0713314
,빛고을약국,,
경기도 의정부시 평화로 152 (호원동),호원옵티마약국,37.70539055,127.0483474
,신가능동약국,,
,샘물약국,37.74648775,127.0347522
,햇빛약국,,
,굿모닝약국,37.74677521,127.0452376
경기도 의정부시 태평로 71 (의정부동),제중약국,37.73885794,127.0513987
경기도 의정부시 평화로440번길 30 (의정부동),이수약국,,
경기도 의정부시 평화로 660 (가능동),한마음약국,37.75088469,127.0448
경기도 의정부시 평화로 660 (가능동),한마음약국,37.75088469,127.0448
,정약국,,
경기도 의정부시 평화로 611-1 (의정부동),프라임종로약국,37.74655563,127.0455038
경기도 의정부시 신촌로 65 (가능동),새천년약국,37.75055893,127.0417613
경기도 의정부시 금오로 121-7 (금오동),성모태평양약국,37.75763073,127.0784679
"경기도 의정부시 의정로104번길 8, 1층 (가능동)",신약국,37.74184269,127.0351643
,유온누리약국,37.74036267,127.0925376
"경기도 의정부시 녹양로 79, 1층 (녹양동)",은혜약국,37.75794286,127.0340363
,주연약국,,
"경기도 의정부시 녹양로 61, 1층 (녹양동)",현대약국,37.75687672,127.0328701
,신원약국,,
"경기도 의정부시 용현로159번길 6, 1층 (민락동)",진미약국,37.74087413,127.0939312
경기도 의정부시 시민로 405 (용현동),용현프라자약국,37.73433833,127.0789268
"경기도 의정부시 행복로 27, 1층 (의정부동)",중앙로 엔젤팜약국,37.74117754,127.0493867
,행복한약국,,
,금오보령약국,,
,대일약국,,
경기도 의정부시 동일로472번길 29 (신곡동),조은약국,37.73109392,127.0603383
,두루약국,,
"경기도 의정부시 시민로 202 (신곡동,지상2층)",두루약국,37.73637954,127.0572903
"경기도 의정부시 청사로5번길 26, 113,114호 (신곡동, 경남프라자)",드림피아약국,37.74881076,127.0696507
"경기도 의정부시 청사로5번길 26, 113,114호 (신곡동, 경남프라자)",드림피아약국,37.74881076,127.0696507
,늘푸른약국,,
"경기도 의정부시 태평로 110, 1층 (의정부동)",헬스팜약국,37.74235899,127.0518616
,의정부종로약국,,
"경기도 의정부시 동일로 456, 109호 (신곡동)",영진약국,37.72899451,127.0597508
"경기도 의정부시 호국로 1290, 102호 (의정부동)",연지약국,37.74332542,127.0474707
"경기도 의정부시 태평로 174 (의정부동,지상1층)",한우리약국,37.74770626,127.0493031
"경기도 의정부시 용현로159번길 12, 106호 (민락동, 거성빌딩)",엄마손약국,37.7410518,127.0940453
"경기도 의정부시 회룡로 138, 1층 5호 (호원동)",코리아약국,37.72578687,127.0492261
,새미소약국,,
,평안약국,,
,플러스약국,,
"경기도 의정부시 평화로290번길 11, 1층 (호원동)",한주약국,37.71950175,127.0477546
,신곡프라자 약국,,
"경기도 의정부시 금오로 121-9, 1층 (금오동)",성모대학약국,37.75779615,127.0783406
,온누리누가약국,,
"경기도 의정부시 신흥로 171, 1층 (의정부동, 소아빌딩)",미소약국,37.73138926,127.0433337
"경기도 의정부시 금오로 9, 1층 (금오동)",새경희약국,37.75331654,127.0667786
,유명약국,,
"경기도 의정부시 호국로1310번길 46, 1층 (의정부동)",송약국,37.74152616,127.0495112
,정문프라자약국,,
경기도 의정부시 흥선로 137 (의정부동),큰길약국,37.7417065,127.0424438
,백세약국,,
,새서울약국,37.71358357,127.046981
"경기도 의정부시 효자로 10, 105호 (민락동, 송산중앙프라자)",푸른약국,37.74346903,127.0861223
,자매약국,,
경기도 의정부시 금신로 318 (신곡동),신중앙약국,37.74496689,127.0625429
,위드팜한솔약국,37.75809177,127.0791218
경기도 의정부시 평화로 385 (호원동),순수약국,37.7262988,127.0479202
경기도 의정부시 금오로 121-8 (금오동),성바오로약국,37.75784666,127.0787877
"경기도 의정부시 평화로 624, 1층 (의정부동)",명성약국,37.74758933,127.0456838
,덕영약국,,
경기도 의정부시 회룡로 188 (장암동),장암메디칼 약국,37.72636771,127.0545877
,메디팜 부광약국,,
,경성약국,,
,장약국,,
"경기도 의정부시 행복로 9, 1층 (의정부동)",정아약국,37.73971005,127.0482601
경기도 의정부시 태평로 13 (의정부동),부일약국,37.73446737,127.0487666
경기도 의정부시 행복로 26-1 (의정부동),경기약국,37.74090724,127.0496109
,광혜약국,37.73253096,127.0850479
경기도 의정부시 행복로 26 (의정부동),바다약국,37.7408162,127.0495006
경기도 의정부시 시민로131번길 60 (의정부동),도미당약국,37.74083192,127.0498207
,성모약국,,
,성모약국,,
경기도 의정부시 신흥로119번길 78-1 (호원동),장미약국,37.72742332,127.0390638
,또나약국,,
,중앙약국,,
,우성약국,,
,종근당약국,,
경기도 의정부시 평화로 239 (호원동),용일약국,37.71324799,127.0471214
,포천약국,,